{
  "ThreadsCount": [
    1,
    2,
    3,
    4,
    5,
    6,
    7,
    8,
    9,
    10
  ],
  "Timings": [
    0.054961000000000045,
    0.28506400000000015,
    0.037846000000000005,
    0.03634800000000002,
    0.030890999999999988,
    0.03699800000000002,
    0.033130999999999994,
    0.032648,
    0.03396099999999999,
    0.033130000000000014
  ]
}