{
  "ThreadsCount": [
    1,
    2,
    3,
    4,
    5,
    6,
    7,
    8,
    9,
    10
  ],
  "Timings": [
    0.05506200000000004,
    0.28230700000000014,
    0.039388,
    0.033269000000000014,
    0.030952999999999998,
    0.029036000000000017,
    0.029983000000000003,
    0.03230400000000001,
    0.02987999999999999,
    0.02916199999999999
  ]
}